{"schemaVersion":"1.0","appDefinitionTemplate":{"id":"/providers/Microsoft.PowerApps/apps/","type":"Microsoft.PowerApps/apps","tags":{"primaryDeviceWidth":"1366","primaryDeviceHeight":"768","supportsPortrait":"true","supportsLandscape":"true","primaryFormFactor":"Tablet","showStatusBar":"false","publisherVersion":"3.24022.17","minimumRequiredApiVersion":"2.2.0","hasComponent":"false","hasUnlockedComponent":"false","isUnifiedRootApp":"false","offlineLargeFilesSupport":"false","sienaVersion":"20240301T202755Z-3.24022.17.0"},"properties":{"appVersion":"2024-03-01T20:27:55Z","lifeCycleId":"Published","createdByClientVersion":{"major":3,"minor":24022,"build":17,"revision":0,"majorRevision":0,"minorRevision":0},"minClientVersion":{"major":3,"minor":24022,"build":17,"revision":0,"majorRevision":0,"minorRevision":0},"backgroundColor":"RGBA(0,176,240,1)","backgroundImageUri":"/1800397458215890955/N89ac2852-fc44-43e1-85a7-ddc11b5e7739-logoSmallFile","displayName":"Training Office Actions","description":"","commitMessage":"","appUris":{"documentUri":{"value":"/1800397458215890955/N1161e74c-e186-476e-b39e-2fa37aa4e332-document.msapp"},"imageUris":[],"additionalUris":[{"isSolutionAware":false,"value":"/1800397458215890955/N61b683e3-3765-4a3f-8c18-ae0d2b98ee06-identity.json"}]},"createdTime":"0001-01-01T00:00:00Z","lastModifiedTime":"0001-01-01T00:00:00Z","sharedGroupsCount":0,"sharedUsersCount":0,"connectionReferences":{"f8ff5f9b-e8f2-4e16-b22b-42403703df23":{"id":"9e18e209-3e8d-4326-b3f4-3fab1f74bf27","displayName":"SharePoint","iconUri":"https://connectoricons-prod.azureedge.net/releases/v1.0.1676/1.0.1676.3617/sharepointonline/icon.png","dataSources":["Training Office actions"],"dependencies":[],"dependents":[],"parameterHints":{},"parameterHintsV2":{},"isOnPremiseConnection":false,"bypassConsent":false,"dataSets":{"https://usaf.dps.mil/teams/302dMXGTrainingOffice-TrainingOfficeactions":{"dataSources":{"Training Office actions":{"tableName":"18c0b273-08cb-4c43-bd61-596cfba2de04"}}}},"apiTier":"Standard","isCustomApiConnection":false,"actions":["providers/PowerPlatform.Governance/Operations/Read","providers/PowerPlatform.Governance/Operations/Write"]}},"databaseReferences":{},"almMode":"Environment","performanceOptimizationEnabled":true,"canConsumeAppPass":true,"enableModernRuntimeMode":false,"executionRestrictions":{"isTeamsOnly":false,"dataLossPreventionEvaluationResult":{"status":"Compliant","lastEvaluationDate":"2024-02-27T20:18:16.4646803Z","violations":[],"violationsByPolicy":[],"violationErrorMessage":"The app uses the following connectors: shared_sharepointonline."}}},"appType":"ClassicCanvasApp","appComponents":[]}}