{"schemaVersion":"1.0","appDefinitionTemplate":{"id":"/providers/Microsoft.PowerApps/apps/","type":"Microsoft.PowerApps/apps","tags":{"sp-site-id":"https://usaf.dps.mil/teams/367RCGMFM","sp-list-id":"72700eab-153f-43b9-8845-e8a924f1aa4d","https://usaf.dps.mil/teams/367RCGMFM":"72700eab-153f-43b9-8845-e8a924f1aa4d","primaryDeviceWidth":"640","primaryDeviceHeight":"1136","supportsPortrait":"true","supportsLandscape":"true","primaryFormFactor":"Phone","showStatusBar":"false","publisherVersion":"3.24051.29","minimumRequiredApiVersion":"2.2.0","hasComponent":"false","hasUnlockedComponent":"false","isUnifiedRootApp":"false","sienaVersion":"20240530T025724Z-3.24051.29.0"},"properties":{"appVersion":"2024-05-30T02:57:24Z","lifeCycleId":"Published","createdByClientVersion":{"major":3,"minor":24051,"build":29,"revision":0,"majorRevision":0,"minorRevision":0},"minClientVersion":{"major":3,"minor":24051,"build":29,"revision":0,"majorRevision":0,"minorRevision":0},"backgroundColor":"RGBA(0,176,240,1)","backgroundImageUri":"/8612792840096879716/N5a8ef926-a8e1-43c5-9ce4-f003d0d8db92-logoSmallFile","displayName":"Recruittherecruiter","description":"","commitMessage":"","appUris":{"documentUri":{"value":"/8612792840096879716/N1a8d5050-5a06-4901-b086-f9c0db493790-document.msapp"},"imageUris":[],"additionalUris":[{"isSolutionAware":false,"value":"/8612792840096879716/N0335e08c-3192-44b3-a180-7d40c7d05682-identity.json"}]},"createdTime":"0001-01-01T00:00:00Z","lastModifiedTime":"0001-01-01T00:00:00Z","sharedGroupsCount":0,"sharedUsersCount":0,"connectionReferences":{"bb7e2513-1871-4150-90c6-037c6ad22a4e":{"id":"9e18e209-3e8d-4326-b3f4-3fab1f74bf27","displayName":"SharePoint","iconUri":"https://connectoricons-prod.azureedge.net/releases/v1.0.1685/1.0.1685.3700/sharepointonline/icon.png","dataSources":["Recruit the Recruiter"],"dependencies":[],"dependents":[],"parameterHints":{},"parameterHintsV2":{},"isOnPremiseConnection":false,"dataSets":{"https://usaf.dps.mil/teams/367RCGMFM":{"dataSources":{"Recruit the Recruiter":{"tableName":"72700eab-153f-43b9-8845-e8a924f1aa4d"}}}},"apiTier":"Standard","isCustomApiConnection":false,"actions":["providers/PowerPlatform.Governance/Operations/Read","providers/PowerPlatform.Governance/Operations/Write","providers/PowerPlatform.Governance/Operations/Delete"]}},"databaseReferences":{},"almMode":"Environment","performanceOptimizationEnabled":true,"canConsumeAppPass":true,"enableModernRuntimeMode":false,"executionRestrictions":{"isTeamsOnly":false,"dataLossPreventionEvaluationResult":{"status":"Compliant","lastEvaluationDate":"2024-05-30T02:57:29.4189366Z","violations":[],"violationsByPolicy":[],"violationErrorMessage":"The app uses the following connectors: shared_sharepointonline."}}},"appType":"ClassicCanvasApp","appComponents":[]}}